!j,4
i456,456
i498,498
i811,811
i37,2132
i982,982
i706,706
i565,565
i520,520
i962,962
i816,816
i86,67945
i440,440
i579,579
i554,554
i484,484
i967,967
i534,534
i387,387
i714,714
i781,781
i911,911
i531,531
i833,833
i794,794
i923,923
i647,647
i906,906
i461,461
i910,910
i598,598
i524,524
i655,655
i875,875
i668,668
i857,857
i883,883
i527,527
i393,393
i877,877
i627,627
i472,472
i817,817
i683,683
i478,478
i504,504
i787,787
i766,766
i763,763
i552,552
i730,730
i382,382
i642,642
i662,662
i399,399
i773,773
i731,731
i931,931
i512,512
i424,424
i494,494
i546,546
i671,671
i915,915
i842,842
i721,721
i664,664
i828,828
i487,487
i960,960
i10,84382
i558,558
i630,630
i892,892
i685,685
i936,936
i746,746
i893,893
i812,812
i659,659
i561,561
i718,718
i779,779
i562,562
i654,654
i985,985
i612,612
i813,813
i976,976
i433,433
i782,782
i581,581
i426,426
i739,739
i700,700
i667,667
i736,736
i902,902
i864,864
i711,711
i926,926
i760,760
i535,535
i643,643
i884,884
i396,396
i501,501
i755,755
i489,489
i408,408
i693,693
i500,500
i851,851
i735,735
i629,629
i945,945
i407,407
i380,380
i596,596
i653,653
i606,606
i416,416
i421,421
i832,832
i757,757
i459,459
i682,682
i410,410
i462,462
i490,490
i413,413
i428,428
i754,754
i792,792
i415,415
i445,445
i803,803
i617,617
i825,825
i680,680
i929,929
i425,425
i776,776
i394,394
i950,950
i673,673
i844,844
i868,868
i946,946
i774,774
i555,555
i592,592
i515,515
i733,733
i585,585
i477,477
i822,822
i434,434
i645,645
i602,602
i409,409
i765,765
i768,768
i860,860
i690,690
i881,881
i423,423
i914,914
i853,853
i786,786
i724,724
i674,674
i930,930
i759,759
i447,447
i697,697
i917,917
i488,488
i605,605
i676,676
i641,641
i486,486
i569,569
i616,616
i717,717
i566,566
i878,878
i859,859
i476,476
i412,412
i797,797
i855,855
i441,441
i543,543
i560,560
i583,583
i666,666
i669,669
i582,582
i775,775
i503,503
d671
d569
d768
d711
d490
d757
d434
d851
d654
d426
d421
d842
d855
d561
d915
d914
d884
d535
d413
d735
d682
d394
d415
d543
d501
d486
d754
d739
d566
d700
d407
d459
d10
d643
d462
d477
d500
d813
d717
d602
d755
d828
d765
d630
d409
d488
d733
d832
d585
d881
d560
d606
d931
d690
d428
d893
d512
d929
d423
d746
d617
d605
d782
d786
d380
d960
d797
d680
d779
d792
d487
d724
d930
d546
d659
d825
d412
d776
d664
d408
d494
d616
d641
d868
d685
d985
d667
d673
d629
d441
d645
d721
d476
d860
d878
d803
d976
d562
d736
d612
d425
d864
d892
d653
d917
d674
d581
d759
d445
d902
d926
d592
d410
d774
d859
d596
d693
d396
d515
d844
d853
d946
d822
d416
d812
d760
d489
d424
d936
d950
d558
d555
d676
d718
d945
d697
d433
d447
